index,lat,lon,azimuth_deg,speed_mps
0,-35.21026955,149.08689961,78.624,20.629
1,-35.21026223,149.08694417,78.628,24.754
2,-35.21025491,149.08698873,78.632,28.877
3,-35.21024760,149.08703329,78.636,33.000
4,-35.21024029,149.08707783,78.641,37.123
5,-35.21023299,149.08712238,78.645,41.245
6,-35.21022570,149.08716692,78.654,41.239
7,-35.21021842,149.08721145,78.662,41.233
8,-35.21021114,149.08725598,78.671,41.228
9,-35.21020387,149.08730051,78.680,41.222
10,-35.21019660,149.08734503,78.688,41.216
11,-35.21018934,149.08738954,78.697,41.211
12,-35.21018209,149.08743406,78.706,41.205
13,-35.21017484,149.08747856,78.714,41.200
14,-35.21016760,149.08752306,78.723,41.194
15,-35.21016037,149.08756756,78.732,41.188
16,-35.21015314,149.08761205,78.740,41.183
17,-35.21014592,149.08765654,78.749,41.177
18,-35.21013871,149.08770102,78.758,41.171
19,-35.21013150,149.08774550,78.766,41.166
20,-35.21012430,149.08778997,78.775,41.160
21,-35.21011711,149.08783444,78.784,41.154
22,-35.21010992,149.08787890,78.792,41.149
23,-35.21010274,149.08792336,78.801,41.143
24,-35.21009556,149.08796782,78.810,41.137
25,-35.21008840,149.08801227,78.818,41.132
26,-35.21008123,149.08805671,78.827,41.126
27,-35.21007408,149.08810115,78.836,41.120
28,-35.21006693,149.08814558,78.844,41.115
29,-35.21005979,149.08819001,78.853,41.109
30,-35.21005265,149.08823444,78.862,41.103
31,-35.21004552,149.08827886,78.871,41.098
32,-35.21003840,149.08832327,78.879,41.092
33,-35.21003128,149.08836768,78.888,41.086
34,-35.21002417,149.08841209,78.897,41.081
35,-35.21001707,149.08845649,78.905,41.075
36,-35.21000997,149.08850089,78.914,41.069
37,-35.21000288,149.08854528,78.923,41.063
38,-35.20999580,149.08858966,78.931,41.058
39,-35.20998872,149.08863405,78.940,41.052
40,-35.20998165,149.08867842,78.949,41.046
41,-35.20997458,149.08872280,78.958,41.041
42,-35.20996753,149.08876716,78.966,41.035
43,-35.20996047,149.08881152,78.975,41.029
44,-35.20995343,149.08885588,78.984,41.024
45,-35.20994639,149.08890023,78.993,41.018
46,-35.20993936,149.08894458,79.001,41.012
47,-35.20993233,149.08898892,79.010,41.006
48,-35.20992531,149.08903326,79.019,41.001
49,-35.20991830,149.08907760,79.027,40.995
50,-35.20991129,149.08912192,79.036,40.989
51,-35.20990429,149.08916625,79.045,40.984
52,-35.20989730,149.08921057,79.054,40.978
53,-35.20989031,149.08925488,79.062,40.972
54,-35.20988333,149.08929919,79.071,40.966
55,-35.20987636,149.08934349,79.080,40.961
56,-35.20986939,149.08938779,79.089,40.955
57,-35.20986243,149.08943209,79.097,40.949
58,-35.20985548,149.08947637,79.106,40.944
59,-35.20984853,149.08952066,79.115,40.938
60,-35.20984159,149.08956494,79.124,40.932
61,-35.20983465,149.08960921,79.132,40.926
62,-35.20982773,149.08965348,79.141,40.921
63,-35.20982080,149.08969775,79.150,40.915
64,-35.20981389,149.08974201,79.159,40.909
65,-35.20980698,149.08978626,79.167,40.904
66,-35.20980008,149.08983051,79.176,40.898
67,-35.20979318,149.08987476,79.185,40.892
68,-35.20978629,149.08991900,79.194,40.886
69,-35.20977941,149.08996323,79.203,40.881
70,-35.20977253,149.09000746,79.211,40.875
71,-35.20976566,149.09005169,79.220,40.869
72,-35.20975880,149.09009591,79.229,40.863
73,-35.20975194,149.09014013,79.238,40.858
74,-35.20974509,149.09018434,79.246,40.852
75,-35.20973825,149.09022854,79.255,40.846
76,-35.20973141,149.09027274,79.264,40.840
77,-35.20972458,149.09031694,79.273,40.835
78,-35.20971775,149.09036113,79.282,40.829
79,-35.20971094,149.09040532,79.290,40.823
80,-35.20970412,149.09044950,79.299,40.817
81,-35.20969732,149.09049367,79.308,40.812
82,-35.20969052,149.09053784,79.317,40.806
83,-35.20968373,149.09058201,79.326,40.800
84,-35.20967694,149.09062617,79.334,40.794
85,-35.20967016,149.09067033,79.343,40.789
86,-35.20966339,149.09071448,79.352,40.783
87,-35.20965663,149.09075862,79.361,40.777
88,-35.20964987,149.09080277,79.370,40.771
89,-35.20964311,149.09084690,79.378,40.765
90,-35.20963637,149.09089103,79.387,40.760
91,-35.20962963,149.09093516,79.396,40.754
92,-35.20962289,149.09097928,79.405,40.748
93,-35.20961617,149.09102340,79.414,40.742
94,-35.20960945,149.09106751,79.423,40.737
95,-35.20960273,149.09111162,79.431,40.731
96,-35.20959602,149.09115572,79.440,40.725
97,-35.20958932,149.09119981,79.449,40.719
98,-35.20958263,149.09124391,79.458,40.713
99,-35.20957594,149.09128799,79.467,40.708
100,-35.20956926,149.09133207,79.476,40.702
101,-35.20956258,149.09137615,79.484,40.696
102,-35.20955591,149.09142022,79.493,40.690
103,-35.20954925,149.09146429,79.502,40.684
104,-35.20954260,149.09150835,79.511,40.679
105,-35.20953595,149.09155241,79.520,40.673
106,-35.20952930,149.09159646,79.529,40.667
107,-35.20952267,149.09164050,79.538,40.661
108,-35.20951604,149.09168455,79.546,40.655
109,-35.20950942,149.09172858,79.555,40.650
110,-35.20950280,149.09177261,79.564,40.644
111,-35.20949619,149.09181664,79.573,40.638
112,-35.20948959,149.09186066,79.582,40.632
113,-35.20948299,149.09190468,79.591,40.626
114,-35.20947640,149.09194869,79.600,40.621
115,-35.20946981,149.09199269,79.608,40.615
116,-35.20946324,149.09203670,79.617,40.609
117,-35.20945666,149.09208069,79.626,40.603
118,-35.20945010,149.09212468,79.635,40.597
119,-35.20944354,149.09216867,79.644,40.592
120,-35.20943699,149.09221265,79.653,40.586
121,-35.20943045,149.09225662,79.662,40.580
122,-35.20942391,149.09230060,79.671,40.574
123,-35.20941737,149.09234456,79.680,40.568
124,-35.20941085,149.09238852,79.688,40.562
125,-35.20940433,149.09243248,79.697,40.557
126,-35.20939782,149.09247643,79.706,40.551
127,-35.20939131,149.09252037,79.715,40.545
128,-35.20938481,149.09256431,79.724,40.539
129,-35.20937832,149.09260825,79.733,40.533
130,-35.20937183,149.09265218,79.742,40.527
131,-35.20936535,149.09269610,79.751,40.522
132,-35.20935888,149.09274002,79.760,40.516
133,-35.20935241,149.09278394,79.769,40.510
134,-35.20934595,149.09282785,79.777,40.504
135,-35.20933950,149.09287175,79.786,40.498
136,-35.20933305,149.09291565,79.795,40.492
137,-35.20932661,149.09295955,79.804,40.487
138,-35.20932017,149.09300344,79.813,40.481
139,-35.20931374,149.09304732,79.822,40.475
140,-35.20930732,149.09309120,79.831,40.469
141,-35.20930091,149.09313507,79.840,40.463
142,-35.20929450,149.09317894,79.849,40.457
143,-35.20928810,149.09322281,79.858,40.451
144,-35.20928170,149.09326666,79.867,40.446
145,-35.20927531,149.09331052,79.876,40.440
146,-35.20926893,149.09335437,79.885,40.434
147,-35.20926255,149.09339821,79.894,40.428
148,-35.20925618,149.09344205,79.903,40.422
149,-35.20924982,149.09348588,79.911,40.416
150,-35.20924346,149.09352971,79.920,40.410
151,-35.20923711,149.09357353,79.929,40.405
152,-35.20923077,149.09361735,79.938,40.399
153,-35.20922443,149.09366116,79.947,40.393
154,-35.20921810,149.09370497,79.956,40.387
155,-35.20921178,149.09374877,79.965,40.381
156,-35.20920546,149.09379257,79.974,40.375
157,-35.20919915,149.09383636,79.983,40.369
158,-35.20919285,149.09388014,79.992,40.363
159,-35.20918655,149.09392393,80.001,40.358
160,-35.20918026,149.09396770,80.010,40.352
161,-35.20917397,149.09401147,80.019,40.346
162,-35.20916769,149.09405524,80.028,40.340
163,-35.20916142,149.09409900,80.037,40.334
164,-35.20915516,149.09414275,80.046,40.328
165,-35.20914890,149.09418650,80.055,40.322
166,-35.20914265,149.09423025,80.064,40.316
167,-35.20913640,149.09427399,80.073,40.310
168,-35.20913016,149.09431772,80.082,40.305
169,-35.20912393,149.09436145,80.091,40.299
170,-35.20911770,149.09440518,80.100,40.293
171,-35.20911148,149.09444890,80.109,40.287
172,-35.20910527,149.09449261,80.118,40.281
173,-35.20909906,149.09453632,80.127,40.275
174,-35.20909286,149.09458002,80.136,40.269
175,-35.20908667,149.09462372,80.145,40.263
176,-35.20908048,149.09466742,80.154,40.257
177,-35.20907430,149.09471110,80.163,40.251
178,-35.20906812,149.09475479,80.172,40.246
179,-35.20906196,149.09479846,80.181,40.240
180,-35.20905579,149.09484214,80.190,40.234
181,-35.20904964,149.09488580,80.199,40.228
182,-35.20904349,149.09492946,80.208,40.222
183,-35.20903735,149.09497312,80.217,40.216
184,-35.20903121,149.09501677,80.226,40.210
185,-35.20902509,149.09506042,80.235,40.204
186,-35.20901896,149.09510406,80.244,40.198
187,-35.20901285,149.09514769,80.253,40.192
188,-35.20900674,149.09519132,80.262,40.186
189,-35.20900064,149.09523495,80.271,40.180
190,-35.20899454,149.09527857,80.280,40.175
191,-35.20898845,149.09532218,80.289,40.169
192,-35.20898237,149.09536579,80.298,40.163
193,-35.20897629,149.09540940,80.307,40.157
194,-35.20897022,149.09545300,80.316,40.151
195,-35.20896416,149.09549659,80.326,40.145
196,-35.20895810,149.09554018,80.335,40.139
197,-35.20895205,149.09558376,80.344,40.133
198,-35.20894601,149.09562734,80.353,40.127
199,-35.20893997,149.09567091,80.362,40.121
200,-35.20893394,149.09571448,80.371,40.115
201,-35.20892791,149.09575804,80.380,40.109
202,-35.20892189,149.09580160,80.389,40.103
203,-35.20891588,149.09584515,80.398,40.097
204,-35.20890988,149.09588869,80.407,40.091
205,-35.20890388,149.09593223,80.416,40.085
206,-35.20889789,149.09597577,80.425,40.080
207,-35.20889190,149.09601930,80.434,40.074
208,-35.20888592,149.09606282,80.443,40.068
209,-35.20887995,149.09610634,80.453,40.062
210,-35.20887399,149.09614986,80.462,40.056
211,-35.20886803,149.09619337,80.471,40.050
212,-35.20886207,149.09623687,80.480,40.044
213,-35.20885613,149.09628037,80.489,40.038
214,-35.20885019,149.09632386,80.498,40.032
215,-35.20884425,149.09636735,80.507,40.026
216,-35.20883833,149.09641083,80.516,40.020
217,-35.20883241,149.09645431,80.525,40.014
218,-35.20882649,149.09649778,80.534,40.008
219,-35.20882059,149.09654125,80.544,40.002
220,-35.20881469,149.09658471,80.553,39.996
221,-35.20880879,149.09662816,80.562,39.990
222,-35.20880290,149.09667161,80.571,39.984
223,-35.20879702,149.09671506,80.580,39.978
224,-35.20879115,149.09675850,80.589,39.972
225,-35.20878528,149.09680193,80.598,39.966
226,-35.20877942,149.09684536,80.607,39.960
227,-35.20877356,149.09688878,80.616,39.954
228,-35.20876771,149.09693220,80.626,39.948
229,-35.20876187,149.09697561,80.635,39.942
230,-35.20875604,149.09701902,80.644,39.936
231,-35.20875021,149.09706242,80.653,39.930
232,-35.20874439,149.09710582,80.662,39.924
233,-35.20873857,149.09714921,80.671,39.918
234,-35.20873276,149.09719260,80.680,39.912
235,-35.20872696,149.09723598,80.690,39.906
236,-35.20872116,149.09727935,80.699,39.900
237,-35.20871537,149.09732272,80.708,39.894
238,-35.20870959,149.09736609,80.717,39.888
239,-35.20870381,149.09740945,80.726,39.882
240,-35.20869804,149.09745280,80.735,39.876
241,-35.20869228,149.09749615,80.745,39.870
242,-35.20868652,149.09753949,80.754,39.864
243,-35.20868077,149.09758283,80.763,39.858
244,-35.20867502,149.09762616,80.772,39.852
245,-35.20866929,149.09766949,80.781,39.846
246,-35.20866356,149.09771281,80.790,39.840
247,-35.20865783,149.09775612,80.800,39.834
248,-35.20865211,149.09779944,80.809,39.828
249,-35.20864640,149.09784274,80.818,39.822
250,-35.20864070,149.09788604,80.827,39.816
251,-35.20863500,149.09792933,80.836,39.810
252,-35.20862931,149.09797262,80.845,39.804
253,-35.20862362,149.09801591,80.855,39.798
254,-35.20861794,149.09805918,80.864,39.792
255,-35.20861227,149.09810246,80.873,39.786
256,-35.20860660,149.09814572,80.882,39.780
257,-35.20860094,149.09818899,80.891,39.774
258,-35.20859529,149.09823224,80.901,39.768
259,-35.20858964,149.09827549,80.910,39.762
260,-35.20858400,149.09831874,80.919,39.756
261,-35.20857837,149.09836198,80.928,39.750
262,-35.20857274,149.09840521,80.937,39.744
263,-35.20856712,149.09844844,80.947,39.738
264,-35.20856151,149.09849166,80.956,39.732
265,-35.20855590,149.09853488,80.965,39.726
266,-35.20855030,149.09857809,80.974,39.720
267,-35.20854471,149.09862130,80.984,39.714
268,-35.20853912,149.09866450,80.993,39.708
269,-35.20853354,149.09870770,81.002,39.702
270,-35.20852796,149.09875089,81.011,39.696
271,-35.20852240,149.09879408,81.021,39.690
272,-35.20851683,149.09883726,81.030,39.684
273,-35.20851128,149.09888043,81.039,39.678
274,-35.20850573,149.09892360,81.048,39.672
275,-35.20850019,149.09896676,81.057,39.665
276,-35.20849465,149.09900992,81.067,39.659
277,-35.20848912,149.09905307,81.076,39.653
278,-35.20848360,149.09909622,81.085,39.647
279,-35.20847809,149.09913936,81.094,39.641
280,-35.20847258,149.09918250,81.104,39.635
281,-35.20846707,149.09922563,81.113,39.629
282,-35.20846158,149.09926875,81.122,39.623
283,-35.20845609,149.09931187,81.132,39.617
284,-35.20845060,149.09935498,81.141,39.611
285,-35.20844513,149.09939809,81.150,39.605
286,-35.20843966,149.09944120,81.159,39.599
287,-35.20843419,149.09948429,81.169,39.593
288,-35.20842874,149.09952739,81.178,39.587
289,-35.20842329,149.09957047,81.187,39.581
290,-35.20841784,149.09961355,81.196,39.575
291,-35.20841240,149.09965663,81.206,39.569
292,-35.20840697,149.09969970,81.215,39.562
293,-35.20840155,149.09974276,81.224,39.556
294,-35.20839613,149.09978582,81.234,39.550
295,-35.20839072,149.09982887,81.243,39.544
296,-35.20838531,149.09987192,81.252,39.538
297,-35.20837992,149.09991496,81.262,39.532
298,-35.20837452,149.09995800,81.271,39.526
299,-35.20836914,149.10000103,81.280,39.520
300,-35.20836376,149.10004406,81.289,39.514
301,-35.20835839,149.10008708,81.299,39.508
302,-35.20835302,149.10013009,81.308,39.502
303,-35.20834766,149.10017310,81.317,39.496
304,-35.20834231,149.10021610,81.327,39.489
305,-35.20833696,149.10025910,81.336,39.483
306,-35.20833162,149.10030209,81.345,39.477
307,-35.20832629,149.10034508,81.355,39.471
308,-35.20832096,149.10038806,81.364,39.465
309,-35.20831564,149.10043103,81.373,39.459
310,-35.20831033,149.10047400,81.383,39.453
311,-35.20830502,149.10051697,81.392,39.447
312,-35.20829972,149.10055993,81.401,39.441
313,-35.20829443,149.10060288,81.411,39.435
314,-35.20828914,149.10064583,81.420,39.429
315,-35.20828386,149.10068877,81.429,39.422
316,-35.20827859,149.10073170,81.439,39.416
317,-35.20827332,149.10077464,81.448,39.410
318,-35.20826806,149.10081756,81.457,39.404
319,-35.20826280,149.10086048,81.467,39.398
320,-35.20825755,149.10090339,81.476,39.392
321,-35.20825231,149.10094630,81.485,39.386
322,-35.20824708,149.10098920,81.495,39.380
323,-35.20824185,149.10103210,81.504,39.374
324,-35.20823663,149.10107499,81.514,39.367
325,-35.20823141,149.10111788,81.523,39.361
326,-35.20822620,149.10116076,81.532,39.355
327,-35.20822100,149.10120363,81.542,39.349
328,-35.20821580,149.10124650,81.551,39.343
329,-35.20821061,149.10128937,81.560,39.337
330,-35.20820543,149.10133222,81.570,39.331
331,-35.20820025,149.10137507,81.579,39.325
332,-35.20819508,149.10141792,81.589,39.318
333,-35.20818992,149.10146076,81.598,39.312
334,-35.20818476,149.10150360,81.607,39.306
335,-35.20817961,149.10154643,81.617,39.300
336,-35.20817447,149.10158925,81.626,39.294
337,-35.20816933,149.10163207,81.636,39.288
338,-35.20816420,149.10167488,81.645,39.282
339,-35.20815908,149.10171769,81.654,39.276
340,-35.20815396,149.10176049,81.664,39.269
341,-35.20814885,149.10180328,81.673,39.263
342,-35.20814374,149.10184607,81.683,39.257
343,-35.20813865,149.10188886,81.692,39.251
344,-35.20813355,149.10193164,81.701,39.245
345,-35.20812847,149.10197441,81.711,39.239
346,-35.20812339,149.10201718,81.720,39.233
347,-35.20811832,149.10205994,81.730,39.226
348,-35.20811325,149.10210269,81.739,39.220
349,-35.20810819,149.10214544,81.749,39.214
350,-35.20810314,149.10218819,81.758,39.208
351,-35.20809810,149.10223093,81.767,39.202
352,-35.20809306,149.10227366,81.777,39.196
353,-35.20808802,149.10231639,81.786,39.189
354,-35.20808300,149.10235911,81.796,39.183
355,-35.20807798,149.10240183,81.805,39.177
356,-35.20807297,149.10244454,81.815,39.171
357,-35.20806796,149.10248724,81.824,39.165
358,-35.20806296,149.10252994,81.834,39.159
359,-35.20805797,149.10257263,81.843,39.153
360,-35.20805298,149.10261532,81.853,39.146
361,-35.20804800,149.10265800,81.862,39.140
362,-35.20804302,149.10270068,81.871,39.134
363,-35.20803806,149.10274335,81.881,39.128
364,-35.20803310,149.10278601,81.890,39.122
365,-35.20802814,149.10282867,81.900,39.116
366,-35.20802319,149.10287133,81.909,39.109
367,-35.20801825,149.10291397,81.919,39.103
368,-35.20801332,149.10295662,81.928,39.097
369,-35.20800839,149.10299925,81.938,39.091
370,-35.20800347,149.10304188,81.947,39.085
371,-35.20799855,149.10308451,81.957,39.078
372,-35.20799364,149.10312712,81.966,39.072
373,-35.20798874,149.10316974,81.976,39.066
374,-35.20798385,149.10321234,81.985,39.060
375,-35.20797896,149.10325495,81.995,39.054
376,-35.20797408,149.10329754,82.004,39.048
377,-35.20796920,149.10334013,82.014,39.041
378,-35.20796433,149.10338272,82.023,39.035
379,-35.20795947,149.10342530,82.033,39.029
380,-35.20795461,149.10346787,82.042,39.023
381,-35.20794976,149.10351044,82.052,39.017
382,-35.20794492,149.10355300,82.061,39.010
383,-35.20794008,149.10359555,82.071,39.004
384,-35.20793525,149.10363810,82.080,38.998
385,-35.20793043,149.10368065,82.090,38.992
386,-35.20792561,149.10372318,82.099,38.986
387,-35.20792080,149.10376572,82.109,38.979
388,-35.20791600,149.10380824,82.119,38.973
389,-35.20791120,149.10385076,82.128,38.967
390,-35.20790641,149.10389328,82.138,38.961
391,-35.20790162,149.10393579,82.147,38.955
392,-35.20789685,149.10397829,82.157,38.948
393,-35.20789207,149.10402079,82.166,38.942
394,-35.20788731,149.10406328,82.176,38.936
395,-35.20788255,149.10410577,82.185,38.930
396,-35.20787780,149.10414825,82.195,38.924
397,-35.20787305,149.10419072,82.205,38.917
398,-35.20786832,149.10423319,82.214,38.911
399,-35.20786358,149.10427565,82.224,38.905
400,-35.20785886,149.10431811,82.233,38.899
401,-35.20785414,149.10436056,82.243,38.893
402,-35.20784943,149.10440301,82.252,38.886
403,-35.20784472,149.10444545,82.262,38.880
404,-35.20784002,149.10448788,82.272,38.874
405,-35.20783533,149.10453031,82.281,38.868
406,-35.20783064,149.10457273,82.291,38.861
407,-35.20782596,149.10461515,82.300,38.855
408,-35.20782129,149.10465756,82.310,38.849
409,-35.20781662,149.10469996,82.319,38.843
410,-35.20781196,149.10474236,82.329,38.837
411,-35.20780731,149.10478475,82.339,38.830
412,-35.20780266,149.10482714,82.348,38.824
413,-35.20779802,149.10486952,82.358,38.818
414,-35.20779339,149.10491190,82.367,38.812
415,-35.20778876,149.10495427,82.377,38.805
416,-35.20778414,149.10499663,82.387,38.799
417,-35.20777952,149.10503899,82.396,38.793
418,-35.20777492,149.10508134,82.406,38.787
419,-35.20777032,149.10512368,82.416,38.780
420,-35.20776572,149.10516602,82.425,38.774
421,-35.20776113,149.10520836,82.435,38.768
422,-35.20775655,149.10525069,82.444,38.762
423,-35.20775198,149.10529301,82.454,38.756
424,-35.20774741,149.10533533,82.464,38.749
425,-35.20774284,149.10537764,82.473,38.743
426,-35.20773829,149.10541994,82.483,38.737
427,-35.20773374,149.10546224,82.493,38.731
428,-35.20772920,149.10550453,82.502,38.724
429,-35.20772466,149.10554682,82.512,38.718
430,-35.20772013,149.10558910,82.522,38.712
431,-35.20771561,149.10563138,82.531,38.706
432,-35.20771109,149.10567365,82.541,38.699
433,-35.20770658,149.10571591,82.551,38.693
434,-35.20770208,149.10575817,82.560,38.687
435,-35.20769758,149.10580042,82.570,38.680
436,-35.20769309,149.10584267,82.580,38.674
437,-35.20768861,149.10588491,82.589,38.668
438,-35.20768413,149.10592714,82.599,38.662
439,-35.20767966,149.10596937,82.609,38.655
440,-35.20767520,149.10601159,82.618,38.649
441,-35.20767074,149.10605381,82.628,38.643
442,-35.20766629,149.10609602,82.638,38.637
443,-35.20766185,149.10613822,82.647,38.630
444,-35.20765741,149.10618042,82.657,38.624
445,-35.20765298,149.10622262,82.667,38.618
446,-35.20764855,149.10626480,82.676,38.612
447,-35.20764413,149.10630698,82.686,38.605
448,-35.20763972,149.10634916,82.696,38.599
449,-35.20763532,149.10639133,82.705,38.593
450,-35.20763092,149.10643349,82.715,38.586
451,-35.20762653,149.10647565,82.725,38.580
452,-35.20762214,149.10651780,82.735,38.574
453,-35.20761776,149.10655994,82.744,38.568
454,-35.20761339,149.10660208,82.754,38.561
455,-35.20760902,149.10664422,82.764,38.555
456,-35.20760466,149.10668634,82.773,38.549
457,-35.20760031,149.10672846,82.783,38.543
458,-35.20759597,149.10677058,82.793,38.536
459,-35.20759163,149.10681269,82.803,38.530
460,-35.20758729,149.10685479,82.812,38.524
461,-35.20758297,149.10689689,82.822,38.517
462,-35.20757865,149.10693898,82.832,38.511
463,-35.20757433,149.10698107,82.842,38.505
464,-35.20757003,149.10702315,82.851,38.498
465,-35.20756572,149.10706522,82.861,38.492
466,-35.20756143,149.10710729,82.871,38.486
467,-35.20755714,149.10714935,82.881,38.480
468,-35.20755286,149.10719141,82.890,38.473
469,-35.20754859,149.10723346,82.900,38.467
470,-35.20754432,149.10727550,82.910,38.461
471,-35.20754006,149.10731754,82.920,38.454
472,-35.20753580,149.10735957,82.929,38.448
473,-35.20753156,149.10740159,82.939,38.442
474,-35.20752732,149.10744361,82.949,38.435
475,-35.20752308,149.10748563,82.959,38.429
476,-35.20751885,149.10752764,82.969,38.423
477,-35.20751463,149.10756964,82.978,38.417
478,-35.20751041,149.10761163,82.988,38.410
479,-35.20750621,149.10765362,82.998,38.404
480,-35.20750200,149.10769561,83.008,38.398
481,-35.20749781,149.10773758,83.017,38.391
482,-35.20749362,149.10777955,83.027,38.385
483,-35.20748944,149.10782152,83.037,38.379
484,-35.20748526,149.10786348,83.047,38.372
485,-35.20748109,149.10790543,83.057,38.366
486,-35.20747693,149.10794738,83.067,38.360
487,-35.20747277,149.10798932,83.076,38.353
488,-35.20746862,149.10803126,83.086,38.347
489,-35.20746448,149.10807319,83.096,38.341
490,-35.20746034,149.10811511,83.106,38.334
491,-35.20745621,149.10815703,83.116,38.328
492,-35.20745209,149.10819894,83.125,38.322
493,-35.20744797,149.10824084,83.135,38.315
494,-35.20744386,149.10828274,83.145,38.309
495,-35.20743975,149.10832464,83.155,38.303
496,-35.20743566,149.10836652,83.165,38.296
497,-35.20743156,149.10840840,83.175,38.290
498,-35.20742748,149.10845028,83.184,38.284
499,-35.20742340,149.10849215,83.194,38.277
500,-35.20741933,149.10853401,83.204,38.271
501,-35.20741527,149.10857587,83.214,38.265
502,-35.20741121,149.10861772,83.224,38.258
503,-35.20740716,149.10865956,83.234,38.252
504,-35.20740311,149.10870140,83.244,38.246
505,-35.20739907,149.10874323,83.253,38.239
506,-35.20739504,149.10878506,83.263,38.233
507,-35.20739101,149.10882688,83.273,38.227
508,-35.20738699,149.10886869,83.283,38.220
509,-35.20738298,149.10891050,83.293,38.214
510,-35.20737898,149.10895230,83.303,38.208
511,-35.20737498,149.10899410,83.313,38.201
512,-35.20737098,149.10903589,83.323,38.195
513,-35.20736700,149.10907767,83.332,38.189
514,-35.20736302,149.10911945,83.342,38.182
515,-35.20735904,149.10916122,83.352,38.176
516,-35.20735508,149.10920298,83.362,38.170
517,-35.20735112,149.10924474,83.372,38.163
518,-35.20734716,149.10928650,83.382,38.157
519,-35.20734322,149.10932824,83.392,38.151
520,-35.20733928,149.10936998,83.402,38.144
521,-35.20733534,149.10941172,83.412,38.138
522,-35.20733141,149.10945345,83.422,38.131
523,-35.20732749,149.10949517,83.432,38.125
524,-35.20732358,149.10953689,83.441,38.119
525,-35.20731967,149.10957860,83.451,38.112
526,-35.20731577,149.10962030,83.461,38.106
527,-35.20731188,149.10966200,83.471,38.100
528,-35.20730799,149.10970369,83.481,38.093
529,-35.20730411,149.10974537,83.491,38.087
530,-35.20730023,149.10978705,83.501,38.081
531,-35.20729636,149.10982873,83.511,38.074
532,-35.20729250,149.10987039,83.521,38.068
533,-35.20728864,149.10991206,83.531,38.061
534,-35.20728480,149.10995371,83.541,38.055
535,-35.20728095,149.10999536,83.551,38.049
536,-35.20727712,149.11003700,83.561,38.042
537,-35.20727329,149.11007864,83.571,38.036
538,-35.20726946,149.11012027,83.581,38.030
539,-35.20726565,149.11016189,83.591,38.023
540,-35.20726184,149.11020351,83.601,38.017
541,-35.20725804,149.11024512,83.611,38.010
542,-35.20725424,149.11028673,83.621,38.004
543,-35.20725045,149.11032833,83.631,37.998
544,-35.20724667,149.11036992,83.641,37.991
545,-35.20724289,149.11041151,83.650,37.985
546,-35.20723912,149.11045309,83.660,37.979
547,-35.20723535,149.11049466,83.670,37.972
548,-35.20723160,149.11053623,83.680,37.966
549,-35.20722785,149.11057779,83.690,37.959
550,-35.20722410,149.11061935,83.700,37.953
551,-35.20722036,149.11066090,83.710,37.947
552,-35.20721663,149.11070244,83.720,37.940
553,-35.20721291,149.11074398,83.730,37.934
554,-35.20720919,149.11078551,83.740,37.927
555,-35.20720548,149.11082704,83.750,37.921
556,-35.20720177,149.11086855,83.761,37.915
557,-35.20719808,149.11091007,83.771,37.908
558,-35.20719438,149.11095157,83.781,37.902
559,-35.20719070,149.11099307,83.791,37.895
560,-35.20718702,149.11103457,83.801,37.889
561,-35.20718335,149.11107605,83.811,37.883
562,-35.20717968,149.11111754,83.821,37.876
563,-35.20717602,149.11115901,83.831,37.870
564,-35.20717237,149.11120048,83.841,37.863
565,-35.20716872,149.11124194,83.851,37.857
566,-35.20716508,149.11128340,83.861,37.851
567,-35.20716145,149.11132485,83.871,37.844
568,-35.20715782,149.11136629,83.881,37.838
569,-35.20715421,149.11140773,83.891,37.831
570,-35.20715059,149.11144916,83.901,37.825
571,-35.20714698,149.11149059,83.911,37.818
572,-35.20714338,149.11153201,83.921,37.812
573,-35.20713979,149.11157342,83.931,37.806
574,-35.20713620,149.11161483,83.941,37.799
575,-35.20713262,149.11165623,83.951,37.793
576,-35.20712905,149.11169762,83.962,37.786
577,-35.20712548,149.11173901,83.972,37.780
578,-35.20712192,149.11178039,83.982,37.774
579,-35.20711837,149.11182177,83.992,37.767
580,-35.20711482,149.11186314,84.002,37.761
581,-35.20711128,149.11190450,84.012,37.754
582,-35.20710774,149.11194585,84.022,37.748
583,-35.20710421,149.11198720,84.032,37.741
584,-35.20710069,149.11202855,84.042,37.735
585,-35.20709718,149.11206989,84.052,37.729
586,-35.20709367,149.11211122,84.062,37.722
587,-35.20709017,149.11215254,84.073,37.716
588,-35.20708667,149.11219386,84.083,37.709
589,-35.20708318,149.11223517,84.093,37.703
590,-35.20707970,149.11227648,84.103,37.696
591,-35.20707622,149.11231778,84.113,37.690
592,-35.20707275,149.11235907,84.123,37.684
593,-35.20706929,149.11240036,84.133,37.677
594,-35.20706584,149.11244164,84.143,37.671
595,-35.20706239,149.11248292,84.154,37.664
596,-35.20705894,149.11252418,84.164,37.658
597,-35.20705551,149.11256545,84.174,37.651
598,-35.20705208,149.11260670,84.184,37.645
599,-35.20704865,149.11264795,84.194,37.638
600,-35.20704524,149.11268919,84.204,37.632
601,-35.20704182,149.11273043,84.214,37.626
602,-35.20703842,149.11277166,84.225,37.619
603,-35.20703502,149.11281289,84.235,37.613
604,-35.20703163,149.11285410,84.245,37.606
605,-35.20702825,149.11289532,84.255,37.600
606,-35.20702487,149.11293652,84.265,37.593
607,-35.20702150,149.11297772,84.275,37.587
608,-35.20701814,149.11301891,84.286,37.580
609,-35.20701478,149.11306010,84.296,37.574
610,-35.20701143,149.11310128,84.306,37.568
611,-35.20700808,149.11314245,84.316,37.561
612,-35.20700474,149.11318362,84.326,37.555
613,-35.20700141,149.11322478,84.337,37.548
614,-35.20699808,149.11326593,84.347,37.542
615,-35.20699477,149.11330708,84.357,37.535
616,-35.20699145,149.11334822,84.367,37.529
617,-35.20698815,149.11338936,84.377,37.522
618,-35.20698485,149.11343049,84.388,37.516
619,-35.20698156,149.11347161,84.398,37.509
620,-35.20697827,149.11351273,84.408,37.503
621,-35.20697499,149.11355384,84.418,37.496
622,-35.20697172,149.11359494,84.428,37.490
623,-35.20696845,149.11363604,84.439,37.484
624,-35.20696519,149.11367713,84.449,37.477
625,-35.20696194,149.11371821,84.459,37.471
626,-35.20695869,149.11375929,84.469,37.464
627,-35.20695545,149.11380036,84.480,37.458
628,-35.20695222,149.11384143,84.490,37.451
629,-35.20694899,149.11388249,84.500,37.445
630,-35.20694577,149.11392354,84.510,37.438
631,-35.20694256,149.11396458,84.521,37.432
632,-35.20693935,149.11400562,84.531,37.425
633,-35.20693615,149.11404666,84.541,37.419
634,-35.20693295,149.11408768,84.551,37.412
635,-35.20692976,149.11412870,84.562,37.406
636,-35.20692658,149.11416972,84.572,37.399
637,-35.20692341,149.11421073,84.582,37.393
638,-35.20692024,149.11425173,84.592,37.386
639,-35.20691708,149.11429272,84.603,37.380
640,-35.20691392,149.11433371,84.613,37.373
641,-35.20691078,149.11437469,84.623,37.367
642,-35.20690763,149.11441567,84.634,37.360
643,-35.20690450,149.11445664,84.644,37.354
644,-35.20690137,149.11449760,84.654,37.347
645,-35.20689825,149.11453856,84.665,37.341
646,-35.20689513,149.11457951,84.675,37.335
647,-35.20689202,149.11462045,84.685,37.328
648,-35.20688892,149.11466139,84.695,37.322
649,-35.20688582,149.11470232,84.706,37.315
650,-35.20688273,149.11474324,84.716,37.309
651,-35.20687965,149.11478416,84.726,37.302
652,-35.20687657,149.11482507,84.737,37.296
653,-35.20687350,149.11486597,84.747,37.289
654,-35.20687044,149.11490687,84.757,37.283
655,-35.20686738,149.11494776,84.768,37.276
656,-35.20686433,149.11498865,84.778,37.270
657,-35.20686129,149.11502953,84.788,37.263
658,-35.20685825,149.11507040,84.799,37.257
659,-35.20685522,149.11511127,84.809,37.250
660,-35.20685220,149.11515213,84.819,37.244
661,-35.20684918,149.11519298,84.830,37.237
662,-35.20684617,149.11523383,84.840,37.231
663,-35.20684316,149.11527467,84.850,37.224
664,-35.20684016,149.11531550,84.861,37.218
665,-35.20683717,149.11535633,84.871,37.211
666,-35.20683419,149.11539715,84.881,37.205
667,-35.20683121,149.11543796,84.892,37.198
668,-35.20682824,149.11547877,84.902,37.191
669,-35.20682527,149.11551957,84.913,37.185
670,-35.20682231,149.11556037,84.923,37.178
671,-35.20681936,149.11560115,84.933,37.172
672,-35.20681641,149.11564194,84.944,37.165
673,-35.20681348,149.11568271,84.954,37.159
674,-35.20681054,149.11572348,84.965,37.152
675,-35.20680762,149.11576424,84.975,37.146
676,-35.20680470,149.11580500,84.985,37.139
677,-35.20680178,149.11584575,84.996,37.133
678,-35.20679888,149.11588649,85.006,37.126
679,-35.20679598,149.11592723,85.017,37.120
680,-35.20679308,149.11596796,85.027,37.113
681,-35.20679020,149.11600868,85.037,37.107
682,-35.20678732,149.11604940,85.048,37.100
683,-35.20678444,149.11609011,85.058,37.094
684,-35.20678158,149.11613081,85.069,37.087
685,-35.20677872,149.11617151,85.079,37.081
686,-35.20677586,149.11621220,85.089,37.074
687,-35.20677301,149.11625288,85.100,37.068
688,-35.20677017,149.11629356,85.110,37.061
689,-35.20676734,149.11633423,85.121,37.055
690,-35.20676451,149.11637490,85.131,37.048
691,-35.20676169,149.11641555,85.142,37.041
692,-35.20675887,149.11645620,85.152,37.035
693,-35.20675607,149.11649685,85.163,37.028
694,-35.20675326,149.11653749,85.173,37.022
695,-35.20675047,149.11657812,85.184,37.015
696,-35.20674768,149.11661875,85.194,37.009
697,-35.20674490,149.11665936,85.204,37.002
698,-35.20674212,149.11669998,85.215,36.996
699,-35.20673935,149.11674058,85.225,36.989
700,-35.20673659,149.11678118,85.236,36.983
701,-35.20673384,149.11682177,85.246,36.976
702,-35.20673109,149.11686236,85.257,36.970
703,-35.20672834,149.11690294,85.267,36.963
704,-35.20672561,149.11694351,85.278,36.956
705,-35.20672288,149.11698408,85.288,36.950
706,-35.20672015,149.11702464,85.299,36.943
707,-35.20671744,149.11706519,85.309,36.937
708,-35.20671473,149.11710574,85.320,36.930
709,-35.20671202,149.11714628,85.330,36.924
710,-35.20670933,149.11718681,85.341,36.917
711,-35.20670664,149.11722734,85.351,36.911
712,-35.20670395,149.11726786,85.362,36.904
713,-35.20670127,149.11730837,85.372,36.898
714,-35.20669860,149.11734888,85.383,36.891
715,-35.20669594,149.11738938,85.393,36.884
716,-35.20669328,149.11742987,85.404,36.878
717,-35.20669063,149.11747036,85.415,36.871
718,-35.20668799,149.11751084,85.425,36.865
719,-35.20668535,149.11755131,85.436,36.858
720,-35.20668272,149.11759178,85.446,36.852
721,-35.20668009,149.11763224,85.457,36.845
722,-35.20667747,149.11767270,85.467,36.839
723,-35.20667486,149.11771314,85.478,36.832
724,-35.20667226,149.11775358,85.488,36.825
725,-35.20666966,149.11779402,85.499,36.819
726,-35.20666706,149.11783445,85.510,36.812
727,-35.20666448,149.11787487,85.520,36.806
728,-35.20666190,149.11791528,85.531,36.799
729,-35.20665933,149.11795569,85.541,36.793
730,-35.20665676,149.11799609,85.552,36.786
731,-35.20665420,149.11803648,85.562,36.779
732,-35.20665165,149.11807687,85.573,36.773
733,-35.20664910,149.11811725,85.584,36.766
734,-35.20664656,149.11815763,85.594,36.760
735,-35.20664403,149.11819800,85.605,36.753
736,-35.20664150,149.11823836,85.615,36.747
737,-35.20663898,149.11827871,85.626,36.740
738,-35.20663647,149.11831906,85.637,36.733
739,-35.20663396,149.11835940,85.647,36.727
740,-35.20663146,149.11839974,85.658,36.720
741,-35.20662896,149.11844006,85.668,36.714
742,-35.20662648,149.11848039,85.679,36.707
743,-35.20662399,149.11852070,85.690,36.701
744,-35.20662152,149.11856101,85.700,36.694
745,-35.20661905,149.11860131,85.711,36.687
746,-35.20661659,149.11864161,85.722,36.681
747,-35.20661414,149.11868189,85.732,36.674
748,-35.20661169,149.11872217,85.743,36.668
749,-35.20660925,149.11876245,85.753,36.661
750,-35.20660681,149.11880272,85.764,36.654
751,-35.20660438,149.11884298,85.775,36.648
752,-35.20660196,149.11888323,85.785,36.641
753,-35.20659954,149.11892348,85.796,36.635
754,-35.20659713,149.11896372,85.807,36.628
755,-35.20659473,149.11900396,85.817,36.622
756,-35.20659234,149.11904419,85.828,36.615
757,-35.20658995,149.11908441,85.839,36.608
758,-35.20658756,149.11912462,85.849,36.602
759,-35.20658519,149.11916483,85.860,36.595
760,-35.20658282,149.11920503,85.871,36.589
761,-35.20658045,149.11924523,85.882,36.582
762,-35.20657810,149.11928541,85.892,36.575
763,-35.20657575,149.11932559,85.903,36.569
764,-35.20657340,149.11936577,85.914,36.562
765,-35.20657106,149.11940594,85.924,36.556
766,-35.20656873,149.11944610,85.935,36.549
767,-35.20656641,149.11948625,85.946,36.542
768,-35.20656409,149.11952640,85.956,36.536
769,-35.20656178,149.11956654,85.967,36.529
770,-35.20655948,149.11960667,85.978,36.523
771,-35.20655718,149.11964680,85.989,36.516
772,-35.20655489,149.11968692,85.999,36.509
773,-35.20655260,149.11972704,86.010,36.503
774,-35.20655032,149.11976714,86.021,36.496
775,-35.20654805,149.11980724,86.032,36.490
776,-35.20654579,149.11984734,86.042,36.483
777,-35.20654353,149.11988742,86.053,36.476
778,-35.20654128,149.11992750,86.064,36.470
779,-35.20653903,149.11996758,86.075,36.463
780,-35.20653679,149.12000764,86.085,36.457
781,-35.20653456,149.12004770,86.096,36.450
782,-35.20653233,149.12008776,86.107,36.443
783,-35.20653011,149.12012780,86.118,36.437
784,-35.20652790,149.12016784,86.128,36.430
785,-35.20652569,149.12020788,86.139,36.423
786,-35.20652349,149.12024790,86.150,36.417
787,-35.20652130,149.12028792,86.161,36.410
788,-35.20651911,149.12032793,86.171,36.404
789,-35.20651693,149.12036794,86.182,36.397
790,-35.20651476,149.12040794,86.193,36.390
791,-35.20651259,149.12044793,86.204,36.384
792,-35.20651043,149.12048792,86.215,36.377
793,-35.20650828,149.12052790,86.225,36.371
794,-35.20650613,149.12056787,86.236,36.364
795,-35.20650399,149.12060783,86.247,36.357
796,-35.20650185,149.12064779,86.258,36.351
797,-35.20649973,149.12068774,86.269,36.344
798,-35.20649761,149.12072769,86.279,36.337
799,-35.20649549,149.12076763,86.290,36.331
800,-35.20649338,149.12080756,86.301,36.324
801,-35.20649128,149.12084748,86.312,36.318
802,-35.20648918,149.12088740,86.323,36.311
803,-35.20648710,149.12092731,86.334,36.304
804,-35.20648501,149.12096721,86.344,36.298
805,-35.20648294,149.12100711,86.355,36.291
806,-35.20648087,149.12104700,86.366,36.284
807,-35.20647881,149.12108689,86.377,36.278
808,-35.20647675,149.12112676,86.388,36.271
809,-35.20647470,149.12116663,86.399,36.265
810,-35.20647266,149.12120650,86.410,36.258
811,-35.20647062,149.12124635,86.420,36.251
812,-35.20646859,149.12128620,86.431,36.245
813,-35.20646657,149.12132604,86.442,36.238
814,-35.20646455,149.12136588,86.453,36.231
815,-35.20646254,149.12140571,86.464,36.225
816,-35.20646054,149.12144553,86.475,36.218
817,-35.20645854,149.12148535,86.486,36.211
818,-35.20645655,149.12152516,86.497,36.205
819,-35.20645457,149.12156496,86.508,36.198
820,-35.20645259,149.12160475,86.518,36.192
821,-35.20645062,149.12164454,86.529,36.185
822,-35.20644865,149.12168432,86.540,36.178
823,-35.20644669,149.12172410,86.551,36.172
824,-35.20644474,149.12176386,86.562,36.165
825,-35.20644280,149.12180363,86.573,36.158
826,-35.20644086,149.12184338,86.584,36.152
827,-35.20643893,149.12188313,86.595,36.145
828,-35.20643700,149.12192287,86.606,36.138
829,-35.20643508,149.12196260,86.617,36.132
830,-35.20643317,149.12200233,86.628,36.125
831,-35.20643127,149.12204205,86.639,36.118
832,-35.20642937,149.12208176,86.650,36.112
833,-35.20642747,149.12212146,86.660,36.105
834,-35.20642559,149.12216116,86.671,36.098
835,-35.20642371,149.12220086,86.682,36.092
836,-35.20642184,149.12224054,86.693,36.085
837,-35.20641997,149.12228022,86.704,36.079
838,-35.20641811,149.12231989,86.715,36.072
839,-35.20641626,149.12235955,86.726,36.065
840,-35.20641441,149.12239921,86.737,36.059
841,-35.20641257,149.12243886,86.748,36.052
842,-35.20641073,149.12247851,86.759,36.045
843,-35.20640891,149.12251814,86.770,36.039
844,-35.20640709,149.12255777,86.781,36.032
845,-35.20640527,149.12259740,86.792,36.025
846,-35.20640346,149.12263701,86.803,36.019
847,-35.20640166,149.12267662,86.814,36.012
848,-35.20639987,149.12271623,86.825,36.005
849,-35.20639808,149.12275582,86.836,35.999
850,-35.20639630,149.12279541,86.847,35.992
851,-35.20639452,149.12283499,86.858,35.985
852,-35.20639276,149.12287457,86.869,35.979
853,-35.20639099,149.12291414,86.880,35.972
854,-35.20638924,149.12295370,86.891,35.965
855,-35.20638749,149.12299325,86.902,35.959
856,-35.20638575,149.12303280,86.913,35.952
857,-35.20638401,149.12307234,86.924,35.945
858,-35.20638228,149.12311187,86.935,35.939
859,-35.20638056,149.12315140,86.946,35.932
860,-35.20637884,149.12319092,86.957,35.925
861,-35.20637713,149.12323043,86.968,35.919
862,-35.20637543,149.12326994,86.980,35.912
863,-35.20637373,149.12330943,86.991,35.905
864,-35.20637204,149.12334893,87.002,35.899
865,-35.20637036,149.12338841,87.013,35.892
866,-35.20636868,149.12342789,87.024,35.885
867,-35.20636701,149.12346736,87.035,35.879
868,-35.20636535,149.12350682,87.046,35.872
869,-35.20636369,149.12354628,87.057,35.865
870,-35.20636204,149.12358573,87.068,35.859
871,-35.20636040,149.12362517,87.079,35.852
872,-35.20635876,149.12366461,87.090,35.845
873,-35.20635713,149.12370404,87.101,35.839
874,-35.20635550,149.12374346,87.112,35.832
875,-35.20635388,149.12378288,87.124,35.825
876,-35.20635227,149.12382229,87.135,35.819
877,-35.20635067,149.12386169,87.146,35.812
878,-35.20634907,149.12390108,87.157,35.805
879,-35.20634748,149.12394047,87.168,35.798
880,-35.20634589,149.12397985,87.179,35.792
881,-35.20634431,149.12401922,87.190,35.785
882,-35.20634274,149.12405859,87.201,35.778
883,-35.20634117,149.12409795,87.213,35.772
884,-35.20633961,149.12413730,87.224,35.765
885,-35.20633806,149.12417665,87.235,35.758
886,-35.20633651,149.12421599,87.246,35.752
887,-35.20633497,149.12425532,87.257,35.745
888,-35.20633344,149.12429464,87.268,35.738
889,-35.20633191,149.12433396,87.279,35.732
890,-35.20633039,149.12437327,87.291,35.725
891,-35.20632888,149.12441258,87.302,35.718
892,-35.20632737,149.12445187,87.313,35.712
893,-35.20632587,149.12449116,87.324,35.705
894,-35.20632438,149.12453044,87.335,35.698
895,-35.20632289,149.12456972,87.346,35.691
896,-35.20632141,149.12460899,87.358,35.685
897,-35.20631994,149.12464825,87.369,35.678
898,-35.20631847,149.12468750,87.380,35.671
899,-35.20631701,149.12472675,87.391,35.665
900,-35.20631555,149.12476599,87.402,35.658
901,-35.20631410,149.12480523,87.414,35.651
902,-35.20631266,149.12484445,87.425,35.645
903,-35.20631123,149.12488367,87.436,35.638
904,-35.20630980,149.12492289,87.447,35.631
905,-35.20630837,149.12496209,87.459,35.625
906,-35.20630696,149.12500129,87.470,35.618
907,-35.20630555,149.12504048,87.481,35.611
908,-35.20630415,149.12507966,87.492,35.604
909,-35.20630275,149.12511884,87.503,35.598
910,-35.20630136,149.12515801,87.515,35.591
911,-35.20629998,149.12519718,87.526,35.584
912,-35.20629860,149.12523633,87.537,35.578
913,-35.20629723,149.12527548,87.548,35.571
914,-35.20629587,149.12531462,87.560,35.564
915,-35.20629451,149.12535376,87.571,35.558
916,-35.20629316,149.12539289,87.582,35.551
917,-35.20629182,149.12543201,87.593,35.544
918,-35.20629048,149.12547112,87.605,35.537
919,-35.20628915,149.12551023,87.616,35.531
920,-35.20628782,149.12554933,87.627,35.524
921,-35.20628650,149.12558842,87.639,35.517
922,-35.20628519,149.12562751,87.650,35.511
923,-35.20628389,149.12566658,87.661,35.504
924,-35.20628259,149.12570566,87.672,35.497
925,-35.20628130,149.12574472,87.684,35.490
926,-35.20628001,149.12578378,87.695,35.484
927,-35.20627873,149.12582283,87.706,35.477
928,-35.20627746,149.12586187,87.718,35.470
929,-35.20627620,149.12590091,87.729,35.464
930,-35.20627494,149.12593994,87.740,35.457
931,-35.20627368,149.12597896,87.752,35.450
932,-35.20627244,149.12601797,87.763,35.443
933,-35.20627120,149.12605698,87.774,35.437
934,-35.20626997,149.12609598,87.786,35.430
935,-35.20626874,149.12613498,87.797,35.423
936,-35.20626752,149.12617396,87.808,35.417
937,-35.20626631,149.12621294,87.820,35.410
938,-35.20626510,149.12625191,87.831,35.403
939,-35.20626390,149.12629088,87.842,35.396
940,-35.20626270,149.12632984,87.854,35.390
941,-35.20626152,149.12636879,87.865,35.383
942,-35.20626034,149.12640773,87.876,35.376
943,-35.20625916,149.12644667,87.888,35.370
944,-35.20625799,149.12648560,87.899,35.363
945,-35.20625683,149.12652452,87.910,35.356
946,-35.20625568,149.12656344,87.922,35.349
947,-35.20625453,149.12660234,87.933,35.343
948,-35.20625339,149.12664125,87.945,35.336
949,-35.20625225,149.12668014,87.956,35.329
950,-35.20625112,149.12671903,87.967,35.322
951,-35.20625000,149.12675791,87.979,35.316
952,-35.20624889,149.12679678,87.990,35.309
953,-35.20624778,149.12683564,88.002,35.302
954,-35.20624668,149.12687450,88.013,35.296
955,-35.20624558,149.12691335,88.024,35.289
956,-35.20624449,149.12695220,88.036,35.282
957,-35.20624341,149.12699103,88.047,35.275
958,-35.20624233,149.12702986,88.059,35.269
959,-35.20624126,149.12706869,88.070,35.262
960,-35.20624020,149.12710750,88.082,35.255
961,-35.20623914,149.12714631,88.093,35.248
962,-35.20623809,149.12718511,88.104,35.242
963,-35.20623705,149.12722391,88.116,35.235
964,-35.20623601,149.12726269,88.127,35.228
965,-35.20623498,149.12730147,88.139,35.222
966,-35.20623395,149.12734025,88.150,35.215
967,-35.20623294,149.12737901,88.162,35.208
968,-35.20623192,149.12741777,88.173,35.201
969,-35.20623092,149.12745652,88.185,35.195
970,-35.20622992,149.12749526,88.196,35.188
971,-35.20622893,149.12753400,88.208,35.181
972,-35.20622794,149.12757273,88.219,35.174
973,-35.20622697,149.12761145,88.231,35.168
974,-35.20622599,149.12765017,88.242,35.161
975,-35.20622503,149.12768888,88.254,35.154
976,-35.20622407,149.12772758,88.265,35.147
977,-35.20622312,149.12776627,88.277,35.141
978,-35.20622217,149.12780496,88.288,35.134
979,-35.20622123,149.12784364,88.300,35.127
980,-35.20622030,149.12788231,88.311,35.120
981,-35.20621937,149.12792097,88.323,35.114
982,-35.20621845,149.12795963,88.334,35.107
983,-35.20621754,149.12799828,88.346,35.100
984,-35.20621663,149.12803692,88.357,35.093
985,-35.20621573,149.12807556,88.369,35.087
986,-35.20621484,149.12811419,88.380,35.080
987,-35.20621395,149.12815281,88.392,35.073
988,-35.20621307,149.12819143,88.403,35.066
989,-35.20621219,149.12823003,88.415,35.060
990,-35.20621133,149.12826863,88.427,35.053
991,-35.20621046,149.12830723,88.438,35.046
992,-35.20620961,149.12834581,88.450,35.039
993,-35.20620876,149.12838439,88.461,35.033
994,-35.20620792,149.12842296,88.473,35.026
995,-35.20620708,149.12846153,88.484,35.019
996,-35.20620625,149.12850008,88.496,35.012
997,-35.20620543,149.12853863,88.508,35.006
998,-35.20620462,149.12857717,88.519,34.999
999,-35.20620381,149.12861571,88.531,34.992
1000,-35.20620300,149.12865424,88.542,34.985
1001,-35.20620221,149.12869276,88.554,34.979
1002,-35.20620142,149.12873127,88.566,34.972
1003,-35.20620064,149.12876978,88.577,34.965
1004,-35.20619986,149.12880828,88.589,34.958
1005,-35.20619909,149.12884677,88.600,34.952
1006,-35.20619833,149.12888525,88.612,34.945
1007,-35.20619757,149.12892373,88.624,34.938
1008,-35.20619682,149.12896220,88.635,34.931
1009,-35.20619607,149.12900066,88.647,34.925
1010,-35.20619534,149.12903912,88.659,34.918
1011,-35.20619461,149.12907756,88.670,34.911
1012,-35.20619388,149.12911600,88.682,34.904
1013,-35.20619316,149.12915444,88.694,34.898
1014,-35.20619245,149.12919286,88.705,34.891
1015,-35.20619175,149.12923128,88.717,34.884
1016,-35.20619105,149.12926970,88.729,34.877
1017,-35.20619036,149.12930810,88.740,34.871
1018,-35.20618967,149.12934650,88.752,34.864
1019,-35.20618899,149.12938489,88.764,34.857
1020,-35.20618832,149.12942327,88.775,34.850
1021,-35.20618765,149.12946165,88.787,34.844
1022,-35.20618699,149.12950001,88.799,34.837
1023,-35.20618634,149.12953837,88.810,34.830
1024,-35.20618569,149.12957673,88.822,34.823
1025,-35.20618505,149.12961507,88.834,34.817
1026,-35.20618442,149.12965341,88.845,34.810
1027,-35.20618379,149.12969174,88.857,34.803
1028,-35.20618317,149.12973007,88.869,34.796
1029,-35.20618256,149.12976839,88.881,34.789
1030,-35.20618195,149.12980670,88.892,34.783
1031,-35.20618135,149.12984500,88.904,34.776
1032,-35.20618076,149.12988329,88.916,34.769
1033,-35.20618017,149.12992158,88.927,34.762
1034,-35.20617959,149.12995986,88.939,34.756
1035,-35.20617901,149.12999813,88.951,34.749
1036,-35.20617845,149.13003640,88.963,34.742
1037,-35.20617788,149.13007466,88.974,34.735
1038,-35.20617733,149.13011291,88.986,34.729
1039,-35.20617678,149.13015115,88.998,34.722
1040,-35.20617624,149.13018939,89.010,34.715
1041,-35.20617570,149.13022762,89.022,34.708
1042,-35.20617517,149.13026584,89.033,34.701
1043,-35.20617465,149.13030406,89.045,34.695
1044,-35.20617413,149.13034226,89.057,34.688
1045,-35.20617362,149.13038046,89.069,34.681
1046,-35.20617312,149.13041866,89.080,34.674
1047,-35.20617263,149.13045684,89.092,34.668
1048,-35.20617214,149.13049502,89.104,34.661
1049,-35.20617165,149.13053319,89.116,34.654
1050,-35.20617117,149.13057135,89.128,34.647
1051,-35.20617070,149.13060951,89.139,34.641
1052,-35.20617024,149.13064766,89.151,34.634
1053,-35.20616978,149.13068580,89.163,34.627
1054,-35.20616933,149.13072393,89.175,34.620
1055,-35.20616889,149.13076206,89.187,34.613
1056,-35.20616845,149.13080018,89.199,34.607
1057,-35.20616802,149.13083829,89.210,34.600
1058,-35.20616759,149.13087640,89.222,34.593
1059,-35.20616717,149.13091449,89.234,34.586
1060,-35.20616676,149.13095258,89.246,34.580
1061,-35.20616636,149.13099067,89.258,34.573
1062,-35.20616596,149.13102874,89.270,34.566
1063,-35.20616556,149.13106681,89.282,34.559
1064,-35.20616518,149.13110487,89.293,34.552
1065,-35.20616480,149.13114292,89.305,34.546
1066,-35.20616443,149.13118097,89.317,34.539
1067,-35.20616406,149.13121901,89.329,34.532
1068,-35.20616370,149.13125704,89.341,34.525
1069,-35.20616335,149.13129506,89.353,34.518
1070,-35.20616300,149.13133308,89.365,34.512
1071,-35.20616266,149.13137109,89.377,34.505
1072,-35.20616232,149.13140909,89.389,34.498
1073,-35.20616200,149.13144708,89.400,34.491
1074,-35.20616168,149.13148507,89.412,34.485
1075,-35.20616136,149.13152305,89.424,34.478
1076,-35.20616105,149.13156102,89.436,34.471
1077,-35.20616075,149.13159898,89.448,34.464
1078,-35.20616046,149.13163694,89.460,34.457
1079,-35.20616017,149.13167489,89.472,34.451
1080,-35.20615989,149.13171283,89.484,34.444
1081,-35.20615961,149.13175077,89.496,34.437
1082,-35.20615934,149.13178869,89.508,34.430
1083,-35.20615908,149.13182661,89.520,34.423
1084,-35.20615882,149.13186453,89.532,34.417
1085,-35.20615857,149.13190243,89.544,34.410
1086,-35.20615833,149.13194033,89.556,34.403
1087,-35.20615810,149.13197822,89.568,34.396
1088,-35.20615787,149.13201610,89.580,34.390
1089,-35.20615764,149.13205398,89.592,34.383
1090,-35.20615742,149.13209185,89.604,34.376
1091,-35.20615721,149.13212971,89.616,34.369
1092,-35.20615701,149.13216756,89.628,34.362
1093,-35.20615681,149.13220541,89.640,34.356
1094,-35.20615662,149.13224324,89.652,34.349
1095,-35.20615644,149.13228108,89.664,34.342
1096,-35.20615626,149.13231890,89.676,34.335
1097,-35.20615609,149.13235672,89.688,34.328
1098,-35.20615592,149.13239452,89.700,34.322
1099,-35.20615576,149.13243232,89.712,34.315
1100,-35.20615561,149.13247012,89.724,34.308
1101,-35.20615547,149.13250790,89.736,34.301
1102,-35.20615533,149.13254568,89.748,34.294
1103,-35.20615520,149.13258346,89.760,34.288
1104,-35.20615507,149.13262122,89.772,34.281
1105,-35.20615495,149.13265898,89.784,34.274
1106,-35.20615484,149.13269672,89.796,34.267
1107,-35.20615473,149.13273447,89.808,34.260
1108,-35.20615463,149.13277220,89.820,34.254
1109,-35.20615454,149.13280993,89.832,34.247
1110,-35.20615445,149.13284765,89.844,34.240
1111,-35.20615437,149.13288536,89.856,34.233
1112,-35.20615430,149.13292306,89.868,34.226
1113,-35.20615423,149.13296076,89.880,34.220
1114,-35.20615417,149.13299845,89.892,34.213
1115,-35.20615411,149.13303613,89.905,34.206
1116,-35.20615407,149.13307380,89.917,34.199
1117,-35.20615402,149.13311147,89.929,34.193
1118,-35.20615399,149.13314913,89.941,34.186
1119,-35.20615396,149.13318678,89.953,34.179
1120,-35.20615394,149.13322443,89.965,34.172
1121,-35.20615392,149.13326206,89.977,34.165
1122,-35.20615391,149.13329969,89.989,34.158
1123,-35.20615391,149.13333732,90.001,34.152
1124,-35.20615392,149.13337493,90.014,34.145
1125,-35.20615393,149.13341254,90.026,34.138
1126,-35.20615394,149.13345014,90.038,34.131
1127,-35.20615397,149.13348773,90.050,34.124
1128,-35.20615400,149.13352531,90.062,34.118
1129,-35.20615403,149.13356289,90.074,34.111
1130,-35.20615408,149.13360046,90.086,34.104
1131,-35.20615413,149.13363802,90.099,34.097
1132,-35.20615418,149.13367558,90.111,34.090
1133,-35.20615424,149.13371312,90.123,34.084
1134,-35.20615431,149.13375066,90.135,34.077
1135,-35.20615439,149.13378819,90.147,34.070
1136,-35.20615447,149.13382572,90.159,34.063
1137,-35.20615456,149.13386324,90.172,34.056
1138,-35.20615465,149.13390074,90.184,34.050
1139,-35.20615476,149.13393825,90.196,34.043
1140,-35.20615486,149.13397574,90.208,34.036
1141,-35.20615498,149.13401323,90.220,34.029
1142,-35.20615510,149.13405071,90.233,34.022
1143,-35.20615523,149.13408818,90.245,34.016
1144,-35.20615536,149.13412564,90.257,34.009
1145,-35.20615550,149.13416310,90.269,34.002
1146,-35.20615565,149.13420055,90.282,33.995
1147,-35.20615580,149.13423799,90.294,33.988
1148,-35.20615596,149.13427542,90.306,33.982
1149,-35.20615613,149.13431285,90.318,33.975
1150,-35.20615630,149.13435027,90.331,33.968
1151,-35.20615648,149.13438768,90.343,33.961
1152,-35.20615666,149.13442508,90.355,33.954
1153,-35.20615686,149.13446248,90.367,33.948
1154,-35.20615705,149.13449987,90.380,33.941
1155,-35.20615726,149.13453725,90.392,33.934
1156,-35.20615747,149.13457462,90.404,33.927
1157,-35.20615769,149.13461199,90.416,33.920
1158,-35.20615791,149.13464935,90.429,33.913
1159,-35.20615815,149.13468670,90.441,33.907
1160,-35.20615838,149.13472404,90.453,33.900
1161,-35.20615863,149.13476138,90.466,33.893
1162,-35.20615888,149.13479871,90.478,33.886
1163,-35.20615914,149.13483603,90.490,33.879
1164,-35.20615940,149.13487334,90.502,33.873
1165,-35.20615967,149.13491065,90.515,33.866
1166,-35.20615995,149.13494795,90.527,33.859
1167,-35.20616023,149.13498524,90.539,33.852
1168,-35.20616052,149.13502252,90.552,33.845
1169,-35.20616081,149.13505979,90.564,33.839
1170,-35.20616112,149.13509706,90.576,33.832
1171,-35.20616143,149.13513432,90.589,33.825
1172,-35.20616174,149.13517157,90.601,33.818
1173,-35.20616206,149.13520882,90.614,33.811
1174,-35.20616239,149.13524606,90.626,33.804
1175,-35.20616273,149.13528329,90.638,33.798
1176,-35.20616307,149.13532051,90.651,33.791
1177,-35.20616342,149.13535772,90.663,33.784
1178,-35.20616377,149.13539493,90.675,33.777
1179,-35.20616413,149.13543213,90.688,33.770
1180,-35.20616450,149.13546932,90.700,33.764
1181,-35.20616487,149.13550650,90.713,33.757
1182,-35.20616525,149.13554368,90.725,33.750
1183,-35.20616564,149.13558085,90.737,33.743
1184,-35.20616603,149.13561801,90.750,33.736
1185,-35.20616643,149.13565517,90.762,33.729
1186,-35.20616684,149.13569231,90.775,33.723
1187,-35.20616725,149.13572945,90.787,33.716
1188,-35.20616767,149.13576658,90.799,33.709
1189,-35.20616810,149.13580370,90.812,33.702
1190,-35.20616853,149.13584082,90.824,33.695
1191,-35.20616897,149.13587793,90.837,33.689
1192,-35.20616941,149.13591503,90.849,33.682
1193,-35.20616986,149.13595212,90.862,33.675
1194,-35.20617032,149.13598921,90.874,33.668
1195,-35.20617079,149.13602628,90.886,33.661
1196,-35.20617126,149.13606335,90.899,33.654
1197,-35.20617174,149.13610041,90.911,33.648
1198,-35.20617222,149.13613747,90.924,33.641
1199,-35.20617271,149.13617452,90.936,33.634
